seed,strategy,ensemble_size,batch,molecules,reactions,test_mcc,wall_s,full_pool_mcc,timeout,peak_rss_mb
0,bald,100,10,10,153,0.26029511749465895,6.485517263412476,0.7027119028082679,,351.4140625
0,bald,100,10,20,165,0.4122406289112022,15.257768869400024,0.7027119028082679,,351.4140625
0,bald,100,10,30,223,0.5534375787439828,26.502684116363525,0.7027119028082679,,351.4140625
0,bald,100,10,40,348,0.6610667488548192,41.876726150512695,0.7027119028082679,,351.4140625
0,bald,100,10,50,359,0.6682045120095268,56.848824977874756,0.7027119028082679,,351.4140625
0,bald,100,10,60,369,0.6408207908363246,71.87492227554321,0.7027119028082679,,351.4140625
0,bald,100,10,70,427,0.6915530799607629,88.47340202331543,0.7027119028082679,,351.4140625
0,bald,100,10,80,868,0.642409785596146,111.80828022956848,0.7027119028082679,,351.4140625
0,bald,100,10,90,1281,0.5264170204350971,141.55232691764832,0.7027119028082679,,351.4140625
0,bald,100,10,100,1602,0.4775660839189973,194.35689568519592,0.7027119028082679,,351.4140625
0,bald,100,10,110,2136,0.5227906099862888,232.81499981880188,0.7027119028082679,,351.4140625
0,bald,100,10,120,2281,0.530013936741797,272.9246919155121,0.7027119028082679,,351.4140625
0,bald,100,10,130,2632,0.5724616346085081,693.1338307857513,0.7027119028082679,,351.4140625
0,bald,100,10,140,3425,0.5751557462024951,750.9032380580902,0.7027119028082679,,351.4140625
0,bald,100,10,150,4108,0.6895062036239543,813.3176894187927,0.7027119028082679,,351.4140625
0,bald,100,10,160,4290,0.6947519542602576,973.3669183254242,0.7027119028082679,,351.4140625
0,bald,100,10,170,4397,0.6970436276721269,1038.9716017246246,0.7027119028082679,,351.4140625
0,bald,100,10,180,4882,0.6847539791410104,1110.883679151535,0.7027119028082679,,351.4140625
0,bald,100,10,190,5413,0.6734423610563162,1618.2703566551208,0.7027119028082679,,351.4140625
0,bald,100,10,200,5474,0.6831988749736334,1704.2031514644623,0.7027119028082679,,351.4140625
0,bald,100,10,210,5577,0.6817412871736526,1792.961107492447,0.7027119028082679,,351.4140625
0,bald,100,10,220,5609,0.6762079229989155,1877.0855784416199,0.7027119028082679,True,351.4140625
