seed,strategy,ensemble_size,batch,molecules,reactions,test_mcc,wall_s,full_pool_mcc,peak_rss_mb
0,bald,10,10,10,153,0.28141036973120626,0.7522737979888916,0.7064074361157567,246.80078125
0,bald,10,10,20,164,0.4320597687706313,1.7993519306182861,0.7064074361157567,246.80078125
0,bald,10,10,30,227,0.6262067108207827,3.0935094356536865,0.7064074361157567,246.80078125
0,bald,10,10,40,638,0.6062028487290008,5.026190280914307,0.7064074361157567,246.80078125
0,bald,10,10,50,653,0.5748982443264072,6.919254779815674,0.7064074361157567,246.80078125
0,bald,10,10,60,691,0.6406754742904297,9.937730550765991,0.7064074361157567,246.80078125
0,bald,10,10,70,1207,0.5351659225393627,13.524420261383057,0.7064074361157567,246.80078125
0,bald,10,10,80,1455,0.5785372393946837,16.972734212875366,0.7064074361157567,246.80078125
0,bald,10,10,90,1984,0.6122495686458472,21.675688982009888,0.7064074361157567,246.80078125
0,bald,10,10,100,2019,0.5522289683284578,25.70082950592041,0.7064074361157567,246.80078125
0,bald,10,10,110,2820,0.562329905151231,32.091193199157715,0.7064074361157567,246.80078125
0,bald,10,10,120,2847,0.5497057323483514,38.70569396018982,0.7064074361157567,246.80078125
0,bald,10,10,130,3263,0.579010550238781,44.53532695770264,0.7064074361157567,246.80078125
0,bald,10,10,140,3726,0.6823310195100175,50.93299627304077,0.7064074361157567,246.80078125
0,bald,10,10,150,4356,0.7175176279725008,58.48776149749756,0.7064074361157567,246.80078125
0,bald,10,10,160,4581,0.6088596130912692,66.38817286491394,0.7064074361157567,246.80078125
0,bald,10,10,170,5067,0.6197266777629239,74.1399347782135,0.7064074361157567,246.80078125
0,bald,10,10,180,5274,0.5970378745533839,81.96331763267517,0.7064074361157567,246.80078125
0,bald,10,10,190,5339,0.6235099739683184,90.65120100975037,0.7064074361157567,246.80078125
0,bald,10,10,200,5534,0.6417555868579694,99.71326327323914,0.7064074361157567,246.80078125
0,bald,10,10,210,5545,0.6127888438626946,108.53001093864441,0.7064074361157567,246.80078125
0,bald,10,10,220,5664,0.5994293324514881,116.59367227554321,0.7064074361157567,246.80078125
0,bald,10,10,230,5703,0.6765457844147105,125.02686667442322,0.7064074361157567,246.80078125
0,bald,10,10,240,5722,0.6831988749736334,133.76443457603455,0.7064074361157567,246.80078125
0,bald,10,10,250,5739,0.6928788975117304,143.9088523387909,0.7064074361157567,246.80078125
0,random,10,10,10,153,0.28141036973120626,0.5580761432647705,0.7064074361157567,246.80078125
0,random,10,10,20,368,0.6700815347359189,1.4857451915740967,0.7064074361157567,246.80078125
0,random,10,10,30,428,0.6117940650018951,2.674036741256714,0.7064074361157567,246.80078125
0,random,10,10,40,464,0.6810517897257773,4.135385751724243,0.7064074361157567,246.80078125
0,random,10,10,50,550,0.6458458646720456,5.665496110916138,0.7064074361157567,246.80078125
0,random,10,10,60,775,0.7190002348453689,7.413113594055176,0.7064074361157567,246.80078125
0,random,10,10,70,805,0.7108569437763196,9.296798944473267,0.7064074361157567,246.80078125
0,random,10,10,80,822,0.7108569437763196,11.163696050643921,0.7064074361157567,246.80078125
0,random,10,10,90,978,0.7257267547527728,13.334429025650024,0.7064074361157567,246.80078125
0,random,10,10,100,1250,0.6211057084960152,16.93354821205139,0.7064074361157567,246.80078125
0,random,10,10,110,1270,0.6299618483461833,19.257561683654785,0.7064074361157567,246.80078125
0,random,10,10,120,1366,0.6708141361206827,22.544114589691162,0.7064074361157567,246.80078125
0,random,10,10,130,1498,0.6399414119564132,25.71923327445984,0.7064074361157567,246.80078125
0,random,10,10,140,1745,0.6118528516837481,28.79248595237732,0.7064074361157567,246.80078125
0,random,10,10,150,1854,0.6257901814408878,32.13387989997864,0.7064074361157567,246.80078125
0,random,10,10,160,1962,0.6310679334215359,35.91949129104614,0.7064074361157567,246.80078125
0,random,10,10,170,1979,0.6278069400934393,40.31652569770813,0.7064074361157567,246.80078125
0,random,10,10,180,2085,0.6542668653014491,44.280147552490234,0.7064074361157567,246.80078125
0,random,10,10,190,2120,0.6619028211836014,78.46874642372131,0.7064074361157567,246.80078125
0,random,10,10,200,2321,0.6587994582312657,82.4903838634491,0.7064074361157567,246.80078125
0,random,10,10,210,2336,0.6873234305539074,86.31882905960083,0.7064074361157567,246.80078125
0,random,10,10,220,2541,0.6652835261632799,90.63494563102722,0.7064074361157567,246.80078125
0,random,10,10,230,2740,0.697054085947404,95.41126751899719,0.7064074361157567,246.80078125
0,random,10,10,240,2962,0.6806508386947676,100.22686409950256,0.7064074361157567,246.80078125
0,random,10,10,250,3164,0.6945635082959165,105.23689889907837,0.7064074361157567,246.80078125
